Source,Target,Y2009
29,164,10919000.0
164,29,3655000.0
164,33,3589000.0
147,62,2622000.0
128,33,2545000.0
164,101,2516000.0
62,57,1880000.0
147,162,1750000.0
29,33,1713000.0
56,62,1581000.0
7,62,1402000.0
62,7,1387000.0
62,79,1384000.0
14,57,1360000.0
164,81,1346000.0
7,79,1325000.0
62,162,1295000.0
33,164,1264000.0
62,107,1228000.0
57,62,1215000.0
21,33,1212000.0
62,122,1208000.0
147,107,1180000.0
81,33,1118342.0
56,162,1023000.0
74,81,1000000.0
14,107,1000000.0
29,81,928000.0
74,33,919000.0
21,164,893000.0
57,143,893000.0
32,33,892000.0
107,62,889890.0
147,79,872000.0
62,14,869000.0
14,62,852000.0
57,79,797000.0
57,162,783000.0
62,148,763000.0
33,81,761000.0
96,81,756936.0
62,164,741000.0
143,57,680000.0
57,14,676000.0
148,62,663195.0
164,125,659000.0
143,123,649161.0
164,79,630000.0
147,57,625000.0
122,62,601702.0
147,114,599891.0
62,41,577000.0
110,33,561099.0
164,62,553000.0
123,143,543072.0
79,62,525000.0
62,143,525000.0
21,107,514000.0
151,33,509311.0
79,57,484000.0
147,143,464000.0
41,62,450944.0
62,33,448000.0
56,57,447000.0
62,128,442093.0
56,128,441427.0
147,33,440000.0
107,57,425878.0
107,14,422649.0
96,73,415806.0
56,143,409000.0
62,157,408000.0
128,49,397000.0
21,14,392000.0
56,14,376000.0
164,162,373000.0
21,79,373000.0
128,81,365000.0
162,77,364288.0
143,79,357000.0
74,125,356000.0
57,107,354000.0
164,73,349000.0
79,143,347000.0
162,33,345069.0
74,164,344000.0
114,62,340452.0
56,164,340000.0
128,166,339838.0
147,122,339000.0
128,56,334990.0
56,107,334000.0
128,62,333000.0
32,164,332000.0
107,33,331746.0
56,147,330000.0
105,73,320800.0
56,33,318000.0
33,125,318000.0
14,162,315000.0
81,164,311137.0
41,7,310989.0
7,148,310000.0
125,33,308013.0
107,162,307986.0
29,125,307000.0
62,147,306000.0
96,125,304555.0
7,57,304000.0
114,162,295302.0
147,14,292000.0
143,162,291000.0
56,122,287000.0
74,96,286325.0
164,21,284680.0
164,107,283000.0
118,33,280769.0
21,4,280499.0
56,81,280000.0
110,6,277679.0
123,62,273182.0
6,33,271807.0
110,81,268802.0
128,83,267042.0
56,79,263000.0
62,71,262481.0
33,73,262000.0
96,33,258146.0
162,62,257027.0
77,162,249924.0
147,81,246000.0
147,7,245000.0
147,49,244000.0
164,157,244000.0
162,57,241130.0
164,143,241000.0
29,162,241000.0
29,79,240000.0
32,101,239000.0
125,164,238102.0
165,33,236113.0
33,162,236000.0
147,56,234812.0
128,75,233892.0
110,125,233027.0
101,164,232267.0
143,107,232000.0
21,57,232000.0
143,62,229000.0
32,125,227000.0
56,49,225000.0
128,8,223875.0
122,57,218040.0
114,147,217918.0
123,57,217197.0
79,162,216000.0
21,162,215000.0
7,139,214971.0
164,57,214000.0
57,148,212000.0
128,160,209112.0
147,133,209000.0
164,14,207000.0
148,79,197846.0
62,127,195872.0
33,161,194767.0
7,41,194000.0
105,33,193709.0
41,79,192959.0
148,57,191606.0
147,2,190584.0
7,122,190000.0
81,125,188374.0
147,103,185850.0
59,33,182065.0
151,96,179829.0
29,73,179000.0
162,73,177939.0
147,157,177000.0
128,157,177000.0
96,151,176699.0
29,21,176631.0
140,33,175942.0
81,151,174924.0
138,62,174887.0
128,13,174672.0
32,107,173000.0
147,148,173000.0
14,143,172000.0
33,29,172000.0
41,138,171097.0
151,169,171097.0
33,6,170878.0
164,6,170663.0
79,33,168000.0
142,74,167778.0
164,34,167267.0
164,74,167000.0
93,57,166421.0
160,128,165338.0
7,107,165000.0
57,33,165000.0
62,73,165000.0
7,71,164102.0
93,62,162608.0
164,36,160872.0
125,75,159846.0
62,138,159658.0
162,107,157901.0
14,56,157622.0
4,21,156007.0
164,44,156000.0
164,169,155582.0
21,62,155000.0
57,164,153000.0
151,125,152582.0
21,56,152460.0
32,79,152000.0
123,162,148814.0
7,162,148000.0
14,33,148000.0
164,49,147000.0
33,151,147000.0
88,162,146686.0
157,75,145746.0
164,65,145147.0
56,157,145000.0
74,137,144733.0
137,151,144600.0
123,79,143280.0
74,133,143000.0
164,48,142232.0
137,169,141245.0
122,160,140956.0
114,14,140553.0
138,79,140439.0
137,74,140098.0
147,164,140000.0
139,79,139523.0
33,79,139000.0
165,62,138081.0
32,120,136574.0
107,79,136119.0
74,73,136000.0
33,133,136000.0
123,107,135852.0
138,41,135174.0
164,121,135137.0
33,96,134981.0
122,41,134894.0
125,73,133601.0
38,79,131481.0
164,151,131000.0
57,122,131000.0
62,6,130146.0
29,57,130000.0
62,160,129634.0
33,128,129512.0
33,169,128273.0
33,44,128000.0
29,74,128000.0
122,79,127534.0
56,160,127466.0
79,64,127238.0
7,14,127000.0
62,142,126342.0
125,81,126223.0
138,7,126045.0
21,125,126000.0
33,62,125000.0
62,133,124000.0
62,101,123000.0
62,64,122392.0
107,148,122179.0
35,33,121514.0
164,133,121000.0
33,14,121000.0
59,57,120421.0
164,47,120415.0
6,110,120230.0
44,62,120139.0
125,11,119100.0
128,162,119000.0
88,147,118940.0
74,6,118299.0
56,148,118000.0
62,29,117000.0
41,122,116292.0
164,32,116146.0
14,79,115000.0
57,123,114046.0
147,71,113262.0
96,137,112511.0
110,164,112270.0
128,125,112000.0
143,122,112000.0
21,101,112000.0
128,79,112000.0
164,96,110499.0
29,151,110000.0
33,75,109507.0
62,161,109352.0
79,157,109000.0
143,33,109000.0
62,56,108432.0
147,128,108362.0
33,137,108331.0
29,62,108000.0
127,49,107502.0
143,164,107000.0
148,7,106557.0
57,93,106470.0
7,143,106000.0
96,161,105580.0
32,34,105063.0
125,6,104825.0
57,2,104437.0
79,7,104000.0
147,74,104000.0
137,96,103982.0
62,139,102548.0
32,162,102000.0
71,57,101636.0
122,128,101410.0
128,57,101000.0
71,7,100569.0
71,62,100455.0
29,168,99927.0
33,78,99494.0
79,164,99000.0
107,122,97848.0
14,93,97714.0
110,74,97340.0
29,101,97000.0
79,148,97000.0
4,32,96966.0
62,75,96051.0
56,7,96000.0
62,123,95818.0
56,114,95320.0
44,147,95121.0
7,81,95000.0
7,138,94892.0
62,21,94860.0
79,122,94000.0
7,38,93997.0
81,96,93903.0
56,2,93526.0
122,147,93227.0
127,81,92788.0
122,162,92747.0
41,71,92642.0
57,103,92145.0
128,122,92000.0
32,74,92000.0
29,133,92000.0
147,41,92000.0
34,168,91060.0
128,73,91000.0
21,168,90727.0
110,73,90490.0
32,57,90000.0
164,168,89571.0
147,64,89538.0
164,78,89350.0
62,93,89328.0
29,14,89000.0
147,73,89000.0
32,81,89000.0
33,74,88000.0
107,81,87531.0
74,151,87000.0
56,6,86206.0
143,103,86204.0
33,107,86000.0
79,14,86000.0
32,168,85570.0
56,71,85363.0
114,164,85286.0
33,49,85000.0
114,107,84795.0
162,14,84746.0
142,33,84619.0
96,164,83999.0
96,107,83679.0
147,77,83541.0
32,4,83355.0
33,57,83000.0
62,81,83000.0
29,157,83000.0
161,115,82925.0
142,162,82765.0
28,79,82715.0
138,71,82098.0
29,6,81748.0
62,114,81713.0
164,70,81400.0
128,150,80621.0
56,64,80264.0
162,164,80155.0
164,120,80113.0
62,78,79874.0
162,128,79310.0
147,137,79124.0
139,62,79110.0
139,2,78837.0
148,162,78514.0
122,92,78442.0
7,127,78273.0
21,32,78168.0
33,157,78000.0
164,122,78000.0
29,49,78000.0
71,122,77917.0
96,6,77743.0
88,62,77246.0
160,157,77078.0
21,143,77000.0
114,44,76623.0
62,38,76353.0
143,2,76176.0
162,147,75815.0
147,78,75078.0
107,143,75004.0
21,81,75000.0
71,127,74861.0
33,82,74412.0
96,162,74052.0
62,125,74000.0
128,164,74000.0
127,157,73997.0
96,74,73741.0
53,56,73707.0
81,6,73178.0
162,143,72848.0
138,57,72805.0
7,29,72000.0
160,122,71451.0
128,53,71276.0
107,73,71080.0
147,151,71000.0
14,7,71000.0
56,78,70731.0
74,14,70000.0
29,143,70000.0
33,121,69953.0
164,50,69576.0
139,7,69547.0
147,123,69360.0
79,139,69252.0
143,157,69000.0
107,44,68936.0
114,33,68620.0
96,169,68572.0
125,169,68513.0
107,157,68042.0
62,49,68000.0
71,79,67954.0
62,77,67724.0
122,127,67005.0
62,74,67000.0
93,162,66997.0
41,139,66845.0
96,121,66501.0
7,64,66277.0
164,4,66071.0
147,145,65972.0
127,133,65825.0
164,142,65697.0
122,14,65006.0
122,7,64655.0
79,73,64000.0
57,156,63872.0
81,169,62896.0
62,96,62746.0
125,96,62488.0
127,79,62383.0
128,107,62000.0
74,62,62000.0
56,133,62000.0
57,7,62000.0
74,79,61000.0
57,41,61000.0
107,7,60783.0
7,128,60045.0
14,73,60000.0
122,143,59789.0
28,33,59781.0
142,143,59680.0
164,137,59438.0
107,164,59435.0
147,156,59306.0
21,157,59000.0
139,38,58954.0
34,48,58891.0
128,0,58675.0
160,62,58504.0
6,96,58280.0
151,74,58260.0
128,149,58025.0
128,14,58000.0
7,164,58000.0
53,62,57885.0
81,107,57686.0
127,149,57595.0
23,157,57123.0
79,107,57000.0
79,71,56996.0
138,127,56708.0
147,142,56691.0
62,32,56328.0
93,14,56181.0
148,107,56137.0
88,53,56022.0
14,122,56000.0
14,128,55995.0
56,121,55784.0
107,41,55721.0
123,7,55205.0
56,21,55130.0
105,151,55057.0
7,157,55000.0
56,125,55000.0
33,143,55000.0
33,101,55000.0
110,169,54843.0
13,128,54813.0
44,57,54775.0
74,116,54495.0
162,98,54486.0
41,162,54452.0
87,151,54259.0
32,143,54000.0
4,33,53964.0
21,34,53836.0
7,101,53000.0
21,7,53000.0
7,21,52855.0
164,89,52693.0
71,93,52565.0
122,44,52520.0
122,71,52280.0
62,23,52188.0
114,79,52162.0
127,62,52025.0
14,157,52000.0
128,88,51949.0
53,147,51947.0
162,74,51932.0
151,161,51783.0
71,138,51214.0
21,49,51000.0
33,116,50854.0
62,113,50571.0
164,161,50455.0
88,107,50403.0
169,33,50297.0
143,64,50195.0
79,74,50000.0
57,73,50000.0
57,29,50000.0
74,29,50000.0
74,157,50000.0
79,156,49807.0
142,151,49762.0
63,73,49607.0
96,49,49432.0
38,139,49265.0
41,57,49225.0
56,103,49014.0
57,157,49000.0
143,14,49000.0
142,62,48952.0
127,33,48440.0
62,92,48406.0
74,121,48306.0
79,128,48257.0
164,117,48089.0
110,121,48050.0
59,73,47961.0
81,121,47937.0
29,34,47763.0
162,79,47655.0
123,14,47486.0
128,86,47471.0
74,21,47412.0
114,81,47400.0
148,164,47264.0
127,89,47146.0
151,133,46925.0
21,119,46875.0
147,160,46789.0
21,120,46720.0
81,74,46644.0
33,142,46642.0
164,123,46540.0
56,53,46407.0
32,21,46003.0
128,74,46000.0
143,133,46000.0
143,101,46000.0
160,71,45506.0
38,49,45372.0
127,7,45279.0
6,164,45234.0
121,81,45164.0
37,73,45102.0
56,73,45000.0
164,147,45000.0
29,107,45000.0
7,133,45000.0
79,127,44930.0
74,142,44889.0
62,121,44873.0
92,62,44710.0
73,144,44680.0
96,133,44652.0
147,6,44368.0
33,21,44329.0
62,151,44000.0
21,29,44000.0
79,123,43675.0
164,64,43409.0
37,79,43290.0
56,96,43237.0
56,156,43234.0
7,49,43000.0
21,44,43000.0
21,169,42931.0
147,161,42917.0
164,80,42894.0
23,64,42887.0
164,116,42642.0
79,78,42576.0
151,6,42428.0
164,41,42000.0
7,2,41964.0
48,164,41757.0
96,82,41730.0
139,91,41665.0
81,62,41664.0
143,128,41308.0
32,48,41146.0
14,147,41000.0
128,7,41000.0
147,125,41000.0
41,14,40977.0
71,41,40861.0
13,122,40642.0
56,142,40619.0
81,137,40445.0
107,128,40406.0
6,125,40350.0
88,56,40271.0
93,107,40038.0
14,164,40000.0
62,34,39806.0
147,96,39646.0
88,122,39413.0
162,122,39227.0
3,113,39203.0
148,143,38812.0
148,14,38772.0
122,13,38636.0
88,92,38523.0
137,6,38520.0
62,137,38300.0
127,64,38289.0
142,113,38123.0
122,107,38095.0
32,133,38000.0
125,137,37882.0
125,157,37792.0
73,161,37696.0
96,142,37635.0
32,78,37578.0
56,123,37395.0
41,107,37306.0
21,165,37250.0
151,137,37060.0
56,101,37000.0
57,125,37000.0
59,79,36744.0
114,122,36684.0
142,84,36501.0
127,71,36322.0
122,56,36218.0
147,21,36116.0
143,148,36000.0
62,4,35881.0
29,48,35862.0
110,96,35731.0
44,107,35396.0
107,147,35211.0
77,33,35127.0
32,62,35000.0
114,57,34832.0
7,6,34514.0
79,38,34476.0
53,162,34437.0
96,101,34432.0
88,57,34406.0
147,138,34304.0
34,120,34294.0
20,38,34293.0
74,64,34158.0
142,125,34083.0
160,79,34028.0
128,147,34000.0
74,57,34000.0
79,133,34000.0
128,158,33911.0
33,113,33448.0
120,101,33173.0
79,2,33057.0
79,49,33000.0
32,73,33000.0
7,33,33000.0
79,41,33000.0
162,114,32983.0
7,160,32907.0
29,121,32870.0
29,78,32815.0
7,78,32613.0
114,143,32554.0
157,76,32523.0
147,116,32513.0
41,128,32369.0
164,155,32300.0
44,114,32094.0
21,148,32000.0
56,41,32000.0
32,29,32000.0
88,128,31930.0
157,61,31896.0
49,162,31848.0
118,73,31726.0
21,47,31656.0
44,162,31619.0
125,151,31598.0
33,34,31534.0
33,89,31502.0
21,48,31435.0
122,157,31256.0
6,74,31241.0
74,144,31218.0
128,78,31132.0
33,77,31132.0
125,142,31106.0
14,96,31087.0
32,6,31065.0
94,33,31022.0
143,49,31000.0
143,7,31000.0
56,151,31000.0
128,41,31000.0
4,164,30854.0
33,64,30853.0
21,123,30792.0
151,116,30695.0
77,57,30678.0
128,127,30672.0
164,113,30584.0
53,57,30571.0
21,19,30449.0
82,133,30422.0
74,110,30366.0
133,103,30305.0
93,128,30289.0
41,164,30226.0
110,151,30171.0
143,156,30043.0
29,110,30036.0
107,133,30008.0
123,103,30008.0
14,41,30000.0
137,125,29994.0
169,125,29873.0
62,103,29747.0
56,32,29742.0
53,33,29696.0
151,81,29673.0
21,113,29639.0
93,79,29637.0
151,73,29494.0
161,73,29488.0
74,2,29449.0
164,9,29320.0
79,6,29261.0
142,163,29258.0
143,78,29150.0
96,75,29104.0
125,133,29083.0
14,148,29000.0
57,147,29000.0
62,116,28998.0
96,14,28989.0
142,73,28976.0
123,122,28949.0
81,110,28926.0
96,144,28884.0
57,64,28853.0
125,121,28763.0
33,124,28700.0
79,21,28684.0
29,137,28592.0
56,77,28584.0
21,142,28555.0
20,62,28526.0
163,84,28517.0
162,6,28317.0
33,149,28202.0
57,128,28127.0
96,62,28080.0
138,160,28064.0
147,127,28044.0
32,151,28000.0
128,133,28000.0
56,74,28000.0
128,89,27773.0
122,114,27738.0
148,33,27703.0
33,110,27567.0
33,2,27526.0
33,160,27518.0
88,81,27354.0
162,49,27312.0
160,127,27288.0
6,142,27255.0
157,8,27180.0
29,77,27072.0
77,62,27063.0
57,21,27025.0
7,147,27000.0
147,29,27000.0
74,107,27000.0
21,147,27000.0
162,56,26939.0
143,75,26905.0
73,113,26706.0
41,160,26649.0
127,161,26630.0
62,2,26630.0
164,77,26520.0
107,93,26462.0
14,6,26391.0
74,115,26325.0
93,143,26223.0
33,91,26201.0
157,23,26188.0
64,1,26151.0
56,4,26089.0
41,148,26071.0
21,74,26000.0
151,149,25949.0
147,121,25799.0
29,120,25774.0
56,92,25694.0
142,79,25488.0
38,20,25488.0
147,82,25455.0
142,171,25428.0
164,128,25422.0
7,142,25402.0
20,79,25398.0
137,33,25375.0
104,33,25326.0
139,71,25241.0
127,23,25192.0
157,64,25162.0
128,71,25151.0
71,162,25076.0
41,6,25025.0
74,162,25000.0
128,92,24952.0
92,122,24900.0
6,73,24755.0
143,4,24621.0
64,79,24536.0
147,53,24519.0
162,157,24501.0
79,161,24458.0
62,149,24425.0
62,88,24381.0
44,14,24350.0
62,82,24347.0
162,44,24308.0
142,107,24122.0
147,91,24064.0
56,161,24063.0
29,161,24015.0
33,122,24000.0
164,148,24000.0
14,101,24000.0
14,2,23959.0
137,121,23855.0
21,155,23776.0
57,6,23739.0
127,82,23678.0
92,147,23671.0
93,122,23669.0
13,62,23659.0
7,123,23651.0
164,2,23623.0
29,2,23621.0
29,155,23596.0
125,128,23553.0
6,137,23550.0
122,88,23496.0
48,34,23477.0
4,165,23447.0
127,156,23430.0
41,64,23419.0
142,172,23339.0
7,23,23336.0
33,120,23334.0
164,110,23275.0
143,21,23174.0
122,148,23053.0
138,139,23048.0
7,73,23000.0
74,143,23000.0
139,57,22977.0
165,162,22965.0
164,103,22941.0
157,78,22933.0
113,57,22930.0
41,143,22922.0
162,93,22879.0
92,88,22804.0
57,71,22747.0
128,64,22728.0
53,79,22647.0
165,148,22628.0
123,33,22583.0
38,7,22546.0
107,74,22518.0
123,147,22396.0
57,77,22328.0
137,11,22313.0
137,73,22158.0
33,85,22152.0
162,96,22133.0
107,6,22105.0
79,23,22074.0
147,75,22009.0
62,53,22004.0
107,114,22001.0
79,89,21973.0
33,11,21956.0
107,161,21836.0
107,77,21721.0
62,89,21701.0
74,89,21691.0
162,160,21677.0
33,127,21674.0
139,133,21667.0
143,161,21632.0
4,120,21609.0
121,33,21537.0
139,20,21488.0
96,149,21487.0
143,89,21357.0
125,79,21244.0
79,103,21243.0
142,14,21162.0
120,33,21138.0
122,23,21048.0
79,101,21000.0
14,74,21000.0
79,142,20920.0
37,134,20900.0
71,38,20890.0
139,127,20883.0
33,4,20878.0
148,157,20867.0
57,127,20782.0
21,75,20712.0
162,123,20710.0
62,168,20704.0
107,64,20585.0
127,143,20555.0
56,34,20528.0
23,79,20439.0
6,113,20404.0
4,142,20343.0
62,13,20334.0
48,120,20331.0
121,169,20323.0
53,122,20316.0
44,143,20272.0
62,156,20183.0
14,123,20181.0
160,13,20174.0
142,104,20115.0
125,49,20077.0
14,133,20000.0
79,125,20000.0
57,133,20000.0
143,73,20000.0
74,101,20000.0
147,101,20000.0
137,81,19990.0
114,7,19883.0
32,161,19870.0
125,74,19828.0
164,75,19786.0
125,29,19785.0
139,64,19777.0
62,85,19756.0
57,56,19739.0
160,83,19729.0
14,77,19726.0
56,89,19647.0
139,157,19622.0
147,113,19597.0
160,126,19590.0
64,23,19570.0
7,20,19519.0
74,54,19470.0
147,92,19399.0
103,157,19370.0
14,103,19274.0
29,65,19268.0
38,62,19246.0
79,20,19218.0
125,110,19193.0
64,40,19178.0
81,162,19170.0
147,88,19116.0
164,82,19077.0
33,3,19073.0
151,75,19049.0
128,23,19044.0
143,147,19000.0
21,133,19000.0
79,29,19000.0
57,142,18963.0
21,137,18902.0
41,127,18892.0
157,160,18868.0
88,14,18867.0
28,57,18842.0
92,128,18824.0
122,83,18788.0
41,81,18747.0
37,57,18712.0
142,164,18692.0
81,73,18596.0
151,121,18550.0
101,36,18528.0
79,1,18521.0
123,148,18517.0
139,156,18514.0
165,164,18474.0
29,116,18448.0
21,96,18435.0
32,36,18410.0
107,125,18323.0
59,107,18245.0
92,160,18157.0
127,160,18155.0
147,40,18124.0
59,103,18059.0
139,148,18017.0
92,107,18017.0
14,49,18000.0
65,50,17943.0
56,138,17939.0
142,7,17850.0
127,57,17783.0
53,107,17776.0
21,161,17772.0
53,88,17764.0
32,65,17738.0
138,107,17732.0
33,168,17639.0
14,21,17634.0
110,116,17609.0
7,161,17599.0
96,116,17550.0
32,137,17528.0
21,80,17457.0
107,138,17454.0
164,156,17418.0
107,49,17417.0
88,49,17391.0
139,49,17354.0
144,73,17293.0
14,75,17258.0
110,161,17187.0
139,122,17155.0
142,6,17153.0
37,143,17131.0
128,44,17000.0
33,147,17000.0
29,123,16967.0
139,107,16921.0
151,11,16907.0
151,164,16887.0
128,169,16803.0
78,157,16800.0
123,3,16790.0
138,147,16742.0
107,123,16728.0
123,156,16725.0
143,77,16717.0
49,145,16613.0
33,145,16613.0
118,125,16605.0
107,71,16572.0
159,25,16528.0
165,4,16491.0
73,133,16438.0
23,127,16370.0
62,40,16351.0
62,110,16338.0
157,5,16287.0
162,121,16278.0
96,85,16200.0
7,96,16169.0
14,161,16163.0
169,164,16146.0
116,0,16129.0
138,23,16126.0
147,139,16125.0
56,83,16105.0
57,78,16070.0
56,127,16068.0
40,64,16064.0
107,151,16059.0
79,40,16037.0
107,96,16035.0
143,41,16000.0
57,49,16000.0
56,44,16000.0
107,78,15981.0
16,113,15937.0
33,32,15935.0
77,147,15918.0
127,103,15897.0
56,88,15895.0
123,78,15886.0
63,164,15856.0
7,32,15854.0
71,139,15840.0
81,79,15836.0
148,127,15830.0
79,91,15821.0
41,147,15818.0
14,114,15810.0
33,114,15800.0
73,11,15773.0
43,57,15759.0
62,20,15747.0
33,83,15725.0
107,142,15690.0
162,113,15678.0
164,69,15665.0
143,32,15660.0
6,121,15616.0
88,79,15585.0
143,34,15575.0
56,169,15564.0
119,143,15558.0
147,149,15550.0
105,96,15489.0
142,110,15472.0
28,157,15452.0
35,57,15386.0
62,11,15376.0
73,162,15350.0
77,107,15343.0
96,79,15311.0
82,76,15300.0
160,92,15253.0
79,93,15251.0
121,73,15234.0
120,48,15176.0
33,84,15164.0
88,114,15159.0
44,7,15109.0
38,71,15087.0
151,27,15071.0
62,120,15062.0
125,116,15057.0
148,41,15031.0
110,133,15028.0
157,91,15016.0
32,147,15000.0
62,44,15000.0
143,74,15000.0
163,73,14995.0
79,75,14992.0
148,29,14979.0
96,2,14882.0
56,120,14872.0
62,169,14792.0
74,145,14784.0
157,162,14729.0
127,122,14667.0
121,107,14595.0
148,71,14577.0
33,144,14557.0
53,73,14552.0
32,47,14449.0
56,75,14351.0
128,161,14301.0
53,128,14284.0
73,106,14260.0
56,137,14250.0
162,78,14245.0
56,149,14233.0
157,40,14221.0
57,161,14186.0
148,122,14135.0
133,89,14131.0
21,11,14115.0
79,149,14115.0
1,113,14113.0
6,169,14103.0
20,139,14101.0
123,133,14018.0
79,138,14015.0
143,29,14000.0
79,81,14000.0
57,81,14000.0
32,44,14000.0
110,142,13967.0
138,14,13965.0
21,6,13958.0
128,116,13908.0
7,89,13907.0
138,128,13891.0
14,113,13838.0
28,62,13816.0
13,92,13813.0
164,12,13799.0
32,169,13794.0
142,95,13712.0
53,92,13698.0
33,23,13695.0
6,116,13688.0
73,157,13688.0
87,33,13658.0
21,65,13654.0
137,110,13627.0
33,123,13617.0
30,33,13598.0
162,41,13590.0
29,64,13589.0
33,54,13560.0
14,78,13529.0
147,32,13516.0
142,57,13477.0
63,79,13447.0
139,41,13429.0
93,44,13416.0
64,157,13392.0
138,33,13360.0
53,114,13355.0
56,82,13272.0
148,139,13270.0
141,133,13249.0
165,21,13229.0
151,49,13216.0
133,73,13173.0
81,57,13151.0
160,7,13123.0
147,84,13109.0
73,18,13034.0
165,125,13026.0
160,107,13020.0
21,73,13000.0
29,85,12990.0
71,148,12989.0
123,49,12942.0
165,101,12926.0
139,23,12905.0
44,122,12893.0
73,164,12845.0
88,44,12836.0
125,149,12802.0
43,123,12794.0
140,125,12669.0
128,96,12628.0
14,149,12613.0
14,64,12609.0
162,148,12530.0
143,113,12510.0
57,139,12490.0
33,48,12481.0
151,78,12465.0
119,21,12459.0
142,121,12454.0
56,110,12428.0
147,37,12389.0
49,84,12351.0
162,7,12308.0
160,138,12293.0
57,138,12264.0
92,53,12249.0
21,139,12239.0
127,125,12210.0
7,91,12200.0
133,113,12162.0
101,65,12154.0
143,139,12139.0
41,38,12122.0
14,127,12107.0
96,115,12104.0
160,14,12080.0
162,161,12071.0
139,138,12052.0
4,19,12046.0
148,64,12043.0
93,41,12041.0
17,73,12041.0
64,33,12015.0
128,151,12000.0
79,151,12000.0
57,151,12000.0
32,148,12000.0
57,101,12000.0
57,74,12000.0
143,127,11990.0
148,123,11989.0
164,11,11989.0
162,142,11988.0
89,76,11974.0
20,7,11973.0
114,41,11939.0
79,169,11914.0
162,138,11891.0
4,79,11888.0
92,44,11880.0
34,36,11857.0
7,121,11809.0
33,42,11795.0
33,65,11755.0
157,149,11719.0
114,148,11714.0
73,49,11707.0
157,158,11672.0
37,14,11658.0
138,44,11595.0
7,92,11592.0
30,103,11591.0
59,157,11574.0
29,96,11551.0
56,11,11550.0
33,166,11528.0
29,47,11517.0
14,142,11503.0
81,29,11499.0
162,125,11462.0
6,151,11417.0
138,64,11414.0
92,14,11391.0
14,71,11354.0
107,56,11284.0
29,50,11277.0
7,113,11267.0
77,73,11243.0
162,137,11191.0
64,107,11178.0
41,20,11155.0
151,82,11142.0
93,7,11127.0
4,29,11092.0
107,113,11076.0
128,21,11057.0
142,81,11038.0
56,113,11033.0
123,157,11027.0
96,100,11024.0
79,147,11000.0
79,44,11000.0
56,29,11000.0
14,29,11000.0
162,116,10988.0
128,77,10952.0
48,73,10944.0
28,14,10919.0
79,32,10914.0
107,101,10907.0
127,41,10894.0
161,113,10876.0
79,160,10870.0
157,79,10868.0
164,56,10860.0
122,78,10841.0
21,78,10813.0
125,161,10801.0
68,33,10800.0
151,85,10787.0
57,91,10770.0
122,38,10770.0
125,162,10758.0
151,105,10753.0
79,96,10705.0
162,144,10700.0
4,119,10661.0
148,73,10638.0
29,32,10633.0
57,96,10624.0
92,56,10608.0
62,83,10568.0
73,84,10510.0
57,11,10509.0
164,111,10486.0
147,115,10485.0
165,169,10411.0
28,164,10403.0
165,57,10400.0
138,20,10390.0
59,64,10389.0
151,14,10384.0
21,103,10320.0
77,114,10318.0
43,14,10317.0
93,77,10316.0
56,166,10315.0
59,143,10313.0
41,92,10310.0
63,113,10291.0
6,162,10258.0
78,49,10249.0
142,159,10247.0
7,75,10236.0
139,162,10211.0
93,147,10209.0
57,116,10192.0
160,64,10165.0
160,143,10148.0
142,133,10139.0
147,72,10138.0
33,10,10086.0
143,142,10047.0
33,100,10016.0
29,82,10002.0
29,148,10000.0
32,14,10000.0
29,44,10000.0
164,7,10000.0
21,151,10000.0
21,41,10000.0
81,21,9984.0
164,91,9981.0
79,4,9970.0
107,29,9966.0
21,121,9954.0
88,143,9942.0
61,5,9941.0
128,138,9931.0
123,64,9901.0
169,137,9894.0
19,164,9890.0
6,81,9890.0
2,113,9868.0
33,47,9860.0
53,49,9860.0
21,116,9846.0
142,77,9844.0
29,113,9835.0
157,1,9832.0
48,33,9818.0
107,21,9814.0
148,44,9788.0
147,38,9783.0
96,57,9782.0
125,64,9772.0
103,79,9769.0
172,142,9767.0
36,73,9764.0
139,143,9752.0
137,14,9746.0
29,169,9745.0
4,48,9723.0
151,57,9718.0
41,133,9693.0
37,162,9679.0
121,137,9665.0
33,103,9649.0
48,101,9648.0
127,138,9631.0
44,56,9589.0
78,164,9570.0
14,85,9555.0
107,121,9554.0
50,65,9544.0
110,109,9539.0
41,23,9508.0
7,156,9496.0
143,168,9469.0
92,57,9463.0
122,139,9460.0
142,37,9456.0
37,62,9439.0
21,70,9438.0
162,133,9435.0
62,124,9430.0
138,38,9412.0
128,126,9412.0
160,41,9386.0
28,143,9382.0
48,62,9371.0
73,75,9370.0
33,56,9366.0
151,87,9366.0
107,32,9358.0
33,86,9340.0
125,85,9338.0
157,83,9291.0
114,56,9289.0
122,33,9288.0
82,161,9253.0
49,103,9251.0
143,39,9245.0
33,61,9230.0
107,116,9224.0
119,33,9217.0
57,32,9180.0
82,49,9178.0
13,14,9169.0
74,48,9165.0
151,142,9158.0
59,62,9151.0
28,77,9134.0
89,162,9129.0
162,21,9117.0
48,44,9114.0
157,127,9106.0
88,125,9101.0
74,139,9098.0
33,102,9095.0
19,33,9087.0
32,19,9085.0
120,164,9083.0
128,42,9069.0
139,78,9044.0
74,120,9014.0
128,29,9000.0
29,11,8996.0
122,53,8992.0
53,6,8983.0
7,34,8971.0
41,33,8966.0
53,14,8965.0
107,160,8946.0
127,116,8931.0
148,128,8919.0
28,134,8907.0
78,82,8904.0
92,13,8903.0
7,4,8898.0
59,142,8889.0
142,100,8876.0
6,145,8872.0
162,29,8862.0
128,156,8857.0
164,108,8825.0
14,160,8796.0
41,83,8762.0
107,127,8756.0
44,79,8742.0
33,117,8741.0
6,62,8739.0
110,137,8739.0
64,127,8739.0
74,100,8737.0
7,82,8732.0
133,116,8731.0
138,143,8726.0
118,81,8719.0
37,123,8695.0
20,157,8670.0
73,169,8657.0
33,38,8626.0
160,57,8621.0
122,64,8616.0
139,128,8613.0
101,50,8608.0
57,82,8597.0
169,96,8592.0
107,137,8589.0
74,128,8570.0
74,114,8553.0
125,160,8546.0
81,116,8514.0
164,84,8500.0
7,120,8498.0
160,166,8454.0
35,164,8434.0
42,33,8431.0
137,144,8411.0
21,2,8409.0
71,23,8409.0
151,162,8356.0
164,144,8349.0
123,2,8316.0
127,56,8280.0
157,128,8275.0
96,10,8261.0
127,126,8251.0
57,89,8250.0
138,157,8248.0
57,75,8200.0
29,149,8198.0
139,74,8154.0
143,6,8151.0
13,88,8130.0
164,37,8125.0
33,39,8125.0
21,128,8112.0
160,23,8108.0
73,142,8089.0
4,64,8075.0
96,110,8057.0
32,165,8055.0
32,139,8031.0
21,77,8011.0
143,44,8000.0
143,125,8000.0
32,157,8000.0
14,81,8000.0
143,81,8000.0
71,64,7997.0
82,149,7997.0
57,113,7994.0
164,114,7982.0
139,33,7972.0
62,10,7971.0
79,34,7952.0
73,125,7948.0
142,63,7931.0
121,125,7920.0
79,56,7909.0
123,114,7901.0
107,38,7883.0
7,116,7874.0
7,124,7866.0
4,62,7861.0
62,145,7842.0
148,125,7840.0
34,33,7839.0
21,36,7837.0
137,42,7837.0
142,43,7829.0
127,78,7813.0
56,13,7812.0
101,34,7806.0
78,14,7797.0
29,103,7786.0
21,64,7783.0
62,84,7780.0
68,73,7772.0
114,77,7771.0
32,50,7754.0
4,143,7741.0
105,81,7728.0
169,81,7723.0
143,56,7722.0
7,103,7719.0
113,73,7621.0
142,3,7617.0
148,81,7614.0
35,79,7613.0
65,70,7604.0
14,156,7598.0
121,162,7594.0
79,114,7593.0
147,23,7579.0
88,78,7552.0
142,78,7542.0
162,151,7521.0
62,144,7514.0
96,29,7496.0
44,148,7493.0
59,14,7481.0
147,11,7476.0
162,81,7468.0
53,125,7431.0
77,14,7428.0
20,57,7413.0
107,75,7409.0
92,162,7408.0
20,49,7406.0
79,82,7393.0
73,151,7389.0
103,49,7386.0
56,23,7383.0
105,137,7376.0
32,123,7369.0
125,21,7365.0
33,163,7347.0
18,73,7320.0
114,21,7305.0
81,143,7303.0
127,2,7301.0
114,157,7301.0
81,133,7291.0
65,164,7269.0
21,39,7264.0
151,89,7263.0
32,155,7251.0
32,115,7229.0
21,117,7223.0
28,123,7208.0
53,41,7183.0
33,115,7176.0
7,137,7176.0
147,119,7161.0
6,143,7103.0
71,160,7102.0
123,44,7076.0
89,149,7062.0
143,114,7058.0
7,114,7050.0
137,113,7016.0
57,114,7015.0
35,162,7012.0
43,33,7010.0
14,151,7000.0
7,125,7000.0
147,44,7000.0
32,49,7000.0
33,41,7000.0
128,143,7000.0
147,89,6987.0
7,145,6974.0
123,75,6963.0
21,12,6942.0
142,161,6939.0
7,56,6928.0
56,72,6927.0
33,139,6919.0
29,117,6911.0
84,159,6894.0
143,119,6843.0
137,105,6831.0
103,64,6818.0
125,120,6806.0
81,101,6806.0
33,105,6784.0
30,57,6779.0
29,89,6777.0
122,164,6766.0
157,49,6763.0
62,72,6738.0
110,55,6725.0
92,79,6704.0
41,157,6697.0
164,160,6685.0
148,142,6673.0
143,160,6663.0
57,4,6659.0
147,169,6647.0
6,118,6644.0
33,45,6642.0
57,59,6615.0
125,78,6613.0
121,151,6606.0
70,164,6601.0
44,164,6594.0
6,144,6590.0
121,164,6585.0
143,120,6576.0
89,82,6548.0
162,83,6534.0
57,121,6524.0
53,81,6515.0
21,50,6512.0
171,25,6506.0
6,133,6480.0
156,103,6457.0
31,113,6457.0
37,164,6452.0
127,85,6438.0
107,82,6427.0
114,128,6426.0
62,48,6426.0
133,145,6411.0
61,157,6397.0
88,71,6389.0
107,92,6388.0
37,64,6383.0
139,14,6372.0
148,21,6334.0
73,74,6307.0
0,113,6297.0
96,44,6288.0
38,14,6285.0
162,84,6276.0
156,2,6269.0
164,130,6263.0
79,137,6254.0
35,157,6250.0
148,151,6239.0
162,101,6220.0
38,143,6199.0
120,168,6196.0
59,123,6183.0
4,168,6159.0
13,107,6155.0
139,92,6145.0
29,72,6141.0
33,36,6138.0
147,93,6123.0
74,34,6118.0
127,128,6085.0
142,54,6084.0
157,2,6073.0
68,162,6073.0
140,81,6052.0
122,81,6041.0
122,20,6017.0
71,107,6013.0
164,46,6003.0
32,7,6000.0
128,148,6000.0
160,147,5997.0
88,166,5988.0
56,40,5983.0
96,124,5976.0
81,142,5974.0
81,14,5973.0
13,160,5970.0
122,126,5949.0
74,40,5907.0
148,147,5896.0
148,77,5892.0
56,93,5883.0
41,44,5874.0
147,4,5870.0
114,101,5833.0
63,134,5826.0
128,39,5826.0
123,26,5825.0
119,4,5803.0
165,143,5796.0
122,4,5794.0
27,151,5786.0
156,37,5771.0
125,127,5738.0
73,64,5731.0
14,84,5710.0
125,82,5709.0
110,131,5692.0
61,79,5689.0
44,33,5685.0
38,147,5675.0
41,77,5669.0
74,127,5637.0
6,161,5633.0
7,48,5607.0
19,21,5597.0
29,36,5584.0
118,6,5577.0
147,144,5571.0
85,133,5563.0
6,11,5563.0
88,160,5561.0
28,107,5560.0
14,138,5555.0
53,44,5551.0
123,101,5513.0
101,29,5500.0
137,62,5500.0
62,115,5496.0
121,116,5496.0
153,33,5494.0
53,156,5493.0
110,162,5485.0
143,71,5484.0
56,116,5481.0
119,62,5475.0
151,144,5440.0
160,53,5438.0
29,84,5438.0
128,144,5437.0
43,103,5433.0
127,162,5432.0
128,114,5429.0
119,164,5426.0
139,96,5414.0
53,71,5400.0
70,108,5399.0
142,28,5388.0
32,96,5384.0
53,7,5375.0
57,84,5372.0
34,81,5364.0
34,32,5362.0
32,117,5358.0
107,40,5355.0
121,96,5330.0
81,89,5327.0
161,116,5322.0
41,78,5313.0
62,91,5306.0
88,2,5305.0
74,168,5305.0
127,107,5305.0
85,73,5293.0
114,103,5281.0
74,84,5280.0
160,8,5261.0
93,127,5243.0
28,96,5242.0
49,40,5236.0
71,20,5235.0
89,133,5235.0
23,57,5235.0
79,113,5230.0
96,157,5222.0
165,56,5216.0
29,128,5213.0
74,106,5202.0
148,78,5199.0
79,84,5199.0
4,162,5188.0
122,29,5177.0
123,149,5158.0
157,161,5157.0
14,32,5154.0
128,82,5138.0
138,148,5129.0
29,114,5127.0
7,77,5125.0
103,149,5119.0
142,85,5105.0
71,14,5077.0
107,23,5060.0
88,77,5059.0
6,79,5056.0
63,89,5055.0
7,98,5051.0
14,134,5044.0
29,56,5042.0
156,91,5041.0
29,75,5034.0
110,143,5027.0
128,139,5016.0
4,123,5013.0
33,7,5000.0
57,44,5000.0
29,7,5000.0
14,44,5000.0
73,124,4999.0
7,149,4997.0
57,169,4992.0
14,89,4992.0
117,65,4989.0
114,74,4988.0
96,11,4987.0
13,53,4987.0
7,93,4985.0
79,98,4979.0
160,148,4979.0
120,47,4971.0
19,4,4965.0
115,161,4955.0
36,65,4938.0
123,41,4934.0
57,58,4922.0
57,34,4918.0
137,79,4915.0
114,151,4913.0
125,48,4898.0
147,134,4890.0
53,83,4890.0
128,4,4887.0
123,40,4885.0
160,44,4885.0
147,120,4884.0
73,137,4878.0
7,88,4847.0
53,72,4832.0
151,157,4825.0
74,5,4814.0
162,32,4798.0
37,24,4791.0
114,71,4784.0
127,40,4779.0
74,32,4779.0
49,64,4771.0
41,49,4752.0
79,77,4750.0
142,94,4750.0
107,120,4737.0
164,138,4733.0
50,36,4728.0
125,144,4726.0
143,149,4722.0
128,84,4706.0
74,160,4703.0
13,166,4689.0
153,73,4680.0
50,168,4676.0
164,93,4669.0
145,73,4659.0
121,57,4655.0
68,164,4647.0
148,38,4642.0
41,123,4638.0
113,0,4633.0
92,114,4622.0
164,58,4621.0
41,13,4607.0
88,72,4600.0
110,58,4595.0
114,138,4569.0
160,33,4553.0
164,53,4551.0
165,14,4551.0
53,143,4545.0
122,73,4539.0
79,110,4538.0
148,23,4532.0
62,36,4521.0
107,139,4520.0
14,169,4507.0
73,96,4506.0
125,89,4506.0
79,63,4488.0
21,149,4487.0
114,115,4486.0
62,166,4481.0
88,7,4476.0
4,47,4461.0
125,105,4443.0
107,103,4433.0
89,157,4433.0
13,83,4417.0
33,80,4407.0
101,117,4404.0
53,144,4402.0
71,21,4401.0
148,116,4396.0
164,165,4388.0
57,40,4388.0
48,57,4386.0
50,47,4378.0
157,62,4366.0
96,89,4361.0
128,113,4349.0
138,114,4338.0
77,127,4333.0
165,32,4317.0
57,134,4312.0
128,76,4308.0
29,12,4307.0
71,96,4305.0
62,119,4302.0
101,33,4301.0
143,23,4297.0
92,8,4293.0
29,37,4272.0
12,113,4270.0
7,168,4257.0
163,25,4244.0
14,40,4244.0
77,74,4242.0
35,143,4236.0
114,4,4229.0
7,47,4226.0
140,121,4219.0
147,85,4218.0
122,2,4206.0
41,142,4204.0
143,121,4194.0
13,8,4193.0
62,98,4192.0
34,47,4192.0
19,79,4184.0
114,72,4182.0
37,103,4181.0
161,162,4174.0
32,85,4171.0
41,82,4166.0
33,92,4166.0
73,33,4165.0
37,161,4154.0
107,4,4153.0
77,143,4142.0
44,78,4125.0
162,64,4124.0
79,116,4123.0
125,4,4118.0
147,95,4113.0
143,48,4107.0
34,164,4103.0
36,50,4101.0
13,147,4100.0
157,133,4097.0
139,123,4076.0
10,73,4076.0
122,156,4055.0
57,160,4051.0
128,27,4048.0
78,162,4043.0
157,113,4032.0
73,107,4031.0
82,85,4031.0
36,111,4023.0
57,149,4021.0
133,84,4017.0
14,116,4009.0
4,133,4008.0
73,62,4007.0
56,139,4004.0
19,57,4003.0
35,96,4000.0
29,147,4000.0
14,125,4000.0
29,41,4000.0
33,148,4000.0
7,151,4000.0
32,119,3999.0
53,2,3998.0
62,126,3970.0
7,85,3964.0
73,79,3955.0
160,61,3952.0
92,166,3948.0
57,137,3947.0
57,28,3943.0
79,85,3939.0
164,115,3937.0
143,82,3936.0
164,40,3928.0
114,6,3923.0
62,134,3920.0
38,23,3914.0
151,124,3909.0
21,108,3908.0
73,85,3895.0
169,73,3894.0
81,161,3881.0
107,85,3875.0
41,96,3871.0
21,89,3869.0
148,56,3861.0
33,63,3854.0
56,38,3853.0
101,161,3852.0
7,144,3851.0
38,41,3850.0
142,96,3822.0
128,5,3819.0
143,98,3818.0
103,156,3811.0
119,14,3809.0
28,156,3805.0
125,32,3802.0
23,1,3801.0
114,73,3795.0
34,65,3793.0
57,85,3786.0
79,13,3785.0
81,32,3783.0
14,82,3779.0
14,92,3776.0
163,33,3770.0
139,75,3767.0
123,89,3754.0
114,139,3751.0
62,105,3751.0
105,125,3742.0
106,73,3732.0
53,158,3730.0
143,96,3714.0
142,144,3708.0
53,138,3707.0
123,73,3702.0
114,161,3686.0
74,50,3672.0
128,121,3666.0
157,143,3665.0
57,109,3664.0
40,107,3663.0
162,75,3653.0
162,110,3647.0
29,80,3646.0
139,147,3641.0
92,83,3629.0
54,145,3629.0
147,34,3615.0
33,40,3599.0
70,50,3595.0
13,71,3591.0
84,163,3587.0
165,7,3581.0
93,148,3577.0
125,84,3573.0
101,168,3573.0
38,127,3572.0
164,85,3560.0
162,40,3560.0
120,32,3560.0
142,169,3557.0
37,156,3557.0
127,124,3552.0
30,157,3550.0
56,168,3548.0
162,71,3548.0
147,165,3545.0
38,57,3545.0
143,47,3540.0
142,41,3531.0
57,23,3529.0
35,89,3517.0
14,23,3511.0
62,165,3511.0
77,137,3508.0
148,32,3496.0
88,83,3496.0
37,107,3496.0
68,12,3495.0
166,128,3487.0
49,164,3487.0
163,57,3487.0
30,79,3484.0
107,156,3483.0
14,119,3478.0
161,54,3478.0
43,157,3476.0
157,82,3475.0
157,71,3463.0
164,63,3458.0
151,110,3452.0
41,47,3441.0
32,121,3440.0
147,168,3436.0
73,57,3435.0
139,1,3434.0
162,92,3431.0
125,62,3428.0
147,163,3426.0
92,7,3424.0
78,73,3416.0
33,155,3404.0
41,116,3398.0
148,138,3397.0
162,35,3397.0
19,107,3385.0
20,1,3382.0
55,47,3381.0
44,92,3369.0
148,75,3364.0
127,76,3362.0
33,50,3349.0
41,114,3348.0
93,56,3347.0
50,73,3341.0
57,144,3340.0
139,81,3338.0
128,63,3337.0
133,162,3335.0
107,2,3334.0
125,101,3327.0
147,63,3327.0
78,125,3317.0
34,50,3307.0
122,113,3305.0
165,123,3298.0
142,75,3289.0
151,76,3282.0
37,89,3273.0
38,81,3270.0
63,24,3268.0
28,81,3258.0
32,128,3255.0
29,142,3255.0
37,97,3255.0
79,120,3251.0
165,41,3249.0
138,122,3244.0
34,155,3243.0
34,117,3243.0
29,115,3243.0
125,83,3240.0
7,110,3236.0
96,64,3234.0
7,169,3231.0
119,165,3227.0
6,49,3227.0
107,149,3220.0
151,163,3209.0
33,150,3205.0
162,38,3203.0
122,77,3201.0
4,34,3200.0
77,44,3198.0
63,142,3193.0
164,16,3191.0
78,79,3191.0
73,45,3190.0
39,79,3190.0
157,166,3180.0
57,110,3180.0
7,119,3175.0
81,75,3163.0
125,77,3139.0
96,113,3136.0
93,138,3128.0
33,111,3126.0
128,123,3119.0
51,143,3117.0
62,39,3116.0
123,161,3107.0
164,119,3098.0
127,73,3095.0
21,85,3085.0
95,142,3082.0
63,128,3082.0
119,44,3076.0
156,57,3075.0
74,37,3075.0
95,84,3075.0
119,32,3072.0
122,37,3070.0
70,12,3069.0
81,157,3067.0
21,69,3066.0
138,92,3066.0
164,98,3055.0
49,54,3055.0
148,6,3052.0
33,126,3051.0
110,107,3047.0
143,124,3041.0
148,137,3039.0
123,92,3038.0
41,88,3037.0
32,124,3037.0
87,81,3024.0
147,110,3023.0
43,79,3020.0
21,127,3015.0
17,33,3014.0
79,92,3013.0
64,74,3012.0
107,34,3002.0
143,151,3000.0
74,41,3000.0
7,44,3000.0
7,74,3000.0
79,48,2996.0
62,43,2995.0
38,148,2993.0
128,61,2989.0
38,103,2987.0
14,110,2985.0
13,79,2976.0
63,33,2975.0
33,27,2974.0
165,73,2974.0
71,143,2969.0
53,8,2967.0
143,38,2963.0
73,145,2960.0
151,128,2960.0
21,63,2949.0
164,127,2947.0
142,134,2944.0
13,57,2943.0
34,162,2940.0
88,127,2939.0
143,110,2930.0
19,47,2923.0
151,107,2922.0
88,164,2917.0
139,160,2917.0
148,101,2917.0
7,83,2916.0
171,43,2916.0
79,168,2911.0
56,36,2907.0
65,101,2904.0
77,79,2895.0
125,122,2895.0
55,164,2891.0
137,84,2888.0
63,133,2887.0
63,143,2883.0
162,11,2881.0
162,127,2878.0
71,73,2878.0
7,166,2874.0
7,13,2868.0
164,139,2867.0
35,73,2867.0
144,161,2863.0
73,115,2863.0
125,100,2858.0
73,14,2858.0
7,1,2858.0
39,123,2856.0
164,124,2853.0
4,113,2847.0
48,117,2847.0
157,56,2844.0
92,161,2838.0
78,64,2835.0
143,138,2833.0
148,103,2833.0
107,89,2832.0
127,164,2830.0
148,4,2829.0
63,14,2827.0
122,101,2822.0
116,33,2820.0
128,40,2810.0
64,73,2802.0
101,162,2797.0
38,122,2794.0
21,84,2793.0
35,62,2787.0
81,144,2775.0
151,91,2774.0
29,23,2773.0
151,79,2766.0
127,13,2764.0
13,150,2758.0
7,40,2749.0
143,163,2745.0
20,138,2742.0
161,145,2740.0
29,63,2735.0
142,137,2731.0
165,78,2730.0
47,168,2727.0
14,139,2725.0
147,13,2724.0
73,63,2722.0
57,83,2722.0
59,164,2716.0
38,107,2714.0
63,29,2713.0
92,41,2711.0
95,163,2706.0
119,162,2702.0
114,29,2698.0
14,4,2697.0
79,37,2692.0
66,73,2688.0
148,34,2687.0
139,103,2685.0
28,29,2685.0
32,70,2682.0
44,73,2679.0
142,4,2677.0
81,11,2675.0
79,121,2675.0
83,166,2671.0
138,83,2670.0
123,88,2670.0
51,33,2659.0
14,37,2656.0
56,8,2655.0
73,29,2655.0
32,149,2654.0
107,168,2652.0
78,151,2652.0
53,74,2645.0
96,114,2642.0
44,81,2642.0
62,8,2636.0
160,5,2636.0
143,40,2635.0
127,93,2629.0
138,156,2628.0
118,151,2627.0
56,28,2623.0
48,143,2621.0
56,85,2620.0
6,149,2620.0
143,165,2618.0
164,3,2612.0
101,21,2609.0
81,78,2609.0
7,53,2608.0
62,63,2603.0
162,85,2595.0
147,83,2595.0
77,164,2592.0
73,6,2589.0
32,114,2586.0
21,134,2585.0
27,33,2585.0
68,137,2583.0
121,11,2583.0
140,6,2576.0
23,2,2573.0
79,83,2570.0
139,73,2570.0
137,107,2569.0
20,71,2568.0
92,2,2568.0
165,74,2567.0
139,114,2562.0
137,142,2560.0
53,164,2559.0
128,137,2550.0
107,84,2548.0
137,164,2540.0
28,133,2526.0
157,73,2520.0
117,168,2514.0
28,73,2513.0
57,38,2512.0
96,21,2505.0
6,55,2501.0
56,37,2501.0
92,164,2490.0
127,75,2489.0
103,62,2487.0
92,6,2485.0
114,92,2484.0
56,126,2478.0
133,54,2477.0
127,38,2469.0
79,47,2466.0
51,79,2465.0
44,71,2465.0
4,78,2464.0
123,96,2463.0
114,78,2463.0
62,1,2461.0
65,73,2459.0
107,20,2456.0
139,6,2453.0
63,62,2451.0
143,116,2448.0
79,36,2447.0
57,98,2446.0
21,3,2446.0
96,84,2443.0
127,123,2440.0
104,81,2439.0
121,6,2432.0
4,107,2428.0
142,116,2427.0
14,137,2417.0
151,44,2415.0
138,78,2412.0
149,89,2410.0
55,107,2408.0
4,69,2402.0
21,37,2399.0
4,14,2399.0
47,164,2397.0
127,113,2394.0
156,49,2393.0
164,23,2393.0
157,89,2388.0
110,100,2383.0
137,22,2381.0
156,7,2375.0
146,33,2374.0
14,88,2374.0
33,118,2373.0
41,125,2370.0
107,72,2361.0
82,89,2355.0
79,3,2346.0
162,103,2344.0
14,144,2343.0
33,158,2342.0
147,124,2334.0
171,142,2332.0
114,13,2330.0
128,115,2327.0
56,91,2327.0
34,101,2322.0
51,57,2312.0
1,79,2310.0
79,115,2300.0
157,107,2297.0
121,62,2293.0
59,156,2289.0
133,115,2285.0
14,48,2284.0
127,61,2283.0
32,75,2278.0
137,57,2276.0
151,62,2276.0
107,63,2273.0
151,115,2269.0
44,41,2269.0
151,113,2268.0
137,64,2267.0
161,142,2267.0
128,38,2263.0
6,21,2261.0
143,88,2260.0
73,163,2256.0
165,103,2255.0
107,11,2253.0
81,49,2253.0
125,163,2251.0
123,128,2248.0
4,57,2247.0
57,37,2246.0
53,123,2244.0
71,157,2241.0
100,94,2239.0
133,156,2237.0
127,166,2233.0
29,144,2233.0
56,1,2221.0
151,55,2220.0
93,133,2216.0
141,89,2215.0
57,53,2214.0
161,45,2211.0
21,82,2211.0
56,145,2207.0
82,75,2207.0
41,137,2204.0
38,33,2202.0
14,38,2200.0
147,28,2200.0
33,1,2199.0
78,128,2194.0
74,65,2187.0
23,89,2184.0
84,43,2181.0
79,134,2175.0
73,143,2174.0
33,76,2173.0
127,92,2169.0
96,136,2167.0
66,33,2163.0
140,110,2163.0
121,157,2159.0
74,47,2157.0
38,162,2152.0
33,28,2151.0
157,116,2148.0
77,128,2148.0
33,104,2148.0
143,85,2144.0
139,149,2143.0
78,81,2140.0
119,79,2134.0
62,155,2128.0
34,80,2127.0
71,81,2126.0
48,21,2125.0
48,168,2123.0
38,64,2119.0
68,155,2119.0
143,137,2117.0
34,73,2115.0
107,145,2114.0
117,111,2113.0
111,50,2109.0
107,169,2108.0
41,126,2106.0
107,53,2106.0
138,126,2105.0
65,48,2099.0
38,138,2098.0
64,143,2097.0
74,77,2095.0
14,34,2093.0
114,142,2089.0
33,88,2082.0
42,21,2081.0
74,4,2081.0
162,89,2081.0
128,85,2080.0
14,115,2079.0
137,85,2076.0
162,20,2076.0
37,77,2076.0
137,116,2073.0
4,101,2072.0
71,1,2069.0
50,70,2068.0
6,57,2066.0
56,115,2065.0
92,138,2064.0
33,51,2063.0
48,41,2063.0
2,133,2057.0
53,133,2057.0
50,117,2056.0
168,34,2048.0
81,148,2047.0
33,165,2047.0
32,116,2045.0
19,32,2044.0
101,70,2043.0
148,113,2043.0
79,53,2042.0
156,143,2040.0
14,120,2039.0
19,143,2038.0
125,143,2037.0
122,103,2034.0
19,120,2033.0
33,20,2032.0
125,34,2031.0
147,159,2031.0
32,2,2030.0
122,134,2030.0
143,84,2022.0
94,100,2020.0
137,100,2019.0
137,55,2017.0
115,163,2016.0
157,123,2016.0
127,8,2010.0
107,144,2009.0
41,56,2006.0
104,142,2005.0
110,167,2005.0
74,155,2001.0
107,28,2001.0
74,44,2000.0
74,7,2000.0
21,122,2000.0
143,92,2000.0
128,101,2000.0
32,41,2000.0
29,122,2000.0
7,10,1998.0
89,49,1997.0
161,163,1995.0
123,32,1992.0
44,88,1988.0
148,160,1986.0
74,103,1986.0
96,122,1983.0
14,43,1982.0
125,114,1979.0
32,71,1978.0
74,111,1970.0
160,162,1970.0
123,29,1957.0
64,57,1955.0
36,169,1955.0
62,37,1954.0
53,86,1953.0
126,127,1949.0
128,2,1949.0
93,164,1946.0
142,123,1945.0
23,166,1944.0
73,54,1939.0
33,98,1939.0
73,10,1936.0
122,96,1936.0
33,5,1934.0
7,84,1931.0
33,94,1926.0
120,34,1925.0
114,137,1924.0
30,143,1923.0
6,157,1922.0
49,157,1920.0
157,33,1917.0
107,88,1916.0
55,46,1916.0
137,161,1914.0
151,37,1914.0
33,69,1914.0
128,119,1910.0
62,65,1906.0
29,10,1904.0
151,10,1901.0
160,86,1899.0
7,36,1899.0
137,115,1895.0
151,84,1894.0
128,91,1892.0
117,73,1891.0
7,165,1890.0
14,20,1890.0
157,125,1886.0
122,142,1886.0
62,19,1886.0
21,13,1885.0
41,74,1884.0
41,134,1881.0
125,23,1880.0
138,88,1880.0
85,125,1879.0
20,148,1877.0
125,40,1877.0
71,44,1873.0
41,101,1872.0
164,68,1868.0
49,73,1867.0
96,22,1863.0
143,20,1862.0
143,99,1862.0
138,40,1861.0
123,21,1860.0
74,58,1856.0
110,149,1856.0
33,58,1854.0
151,29,1852.0
21,114,1849.0
128,65,1849.0
107,27,1849.0
128,6,1848.0
73,101,1847.0
55,110,1847.0
164,72,1846.0
137,27,1843.0
128,36,1842.0
128,102,1840.0
122,115,1831.0
143,13,1828.0
137,58,1827.0
33,70,1825.0
171,172,1822.0
71,126,1820.0
59,133,1820.0
160,164,1818.0
71,78,1817.0
160,78,1817.0
127,145,1813.0
139,44,1810.0
123,98,1810.0
33,53,1809.0
7,100,1806.0
172,171,1806.0
147,10,1805.0
128,48,1804.0
157,57,1798.0
123,74,1797.0
147,20,1791.0
142,115,1788.0
114,93,1787.0
95,104,1779.0
62,61,1777.0
7,54,1776.0
63,64,1774.0
21,111,1774.0
143,65,1769.0
49,123,1765.0
43,62,1763.0
44,6,1758.0
105,157,1756.0
77,75,1755.0
44,85,1754.0
93,123,1754.0
143,145,1752.0
110,32,1749.0
88,86,1748.0
73,77,1747.0
21,92,1747.0
29,70,1745.0
14,98,1744.0
162,39,1742.0
35,156,1742.0
35,123,1742.0
137,118,1739.0
14,168,1739.0
128,165,1738.0
49,78,1738.0
73,81,1736.0
107,83,1735.0
55,6,1734.0
7,155,1733.0
38,125,1731.0
64,128,1731.0
13,56,1727.0
162,156,1727.0
110,154,1727.0
114,144,1726.0
147,36,1725.0
73,5,1722.0
33,8,1721.0
110,14,1721.0
123,120,1719.0
88,40,1718.0
127,147,1717.0
114,89,1717.0
127,14,1716.0
151,54,1714.0
115,82,1712.0
147,117,1712.0
114,156,1711.0
19,165,1708.0
151,100,1704.0
56,144,1700.0
35,14,1699.0
53,160,1699.0
107,37,1695.0
30,62,1691.0
34,19,1688.0
20,143,1687.0
163,62,1686.0
164,28,1684.0
117,47,1683.0
110,144,1681.0
143,155,1679.0
13,126,1673.0
128,103,1673.0
151,64,1669.0
123,56,1666.0
162,88,1666.0
157,142,1661.0
